依托,rely on
基于,based on
鉴于,given that
取决于,depending on
对应,corresponding
尚,yet
故,therefore
貌似,seemingly
逐渐/逐步,gradually
涉及,involving
等价于,equivalent to

流程,process
规划,plan
内研,internal
就绪,ready
堆积,pile up
高频次路径,high frequency path
思路,idea
响应,response
阶段,stage
混部,mixed department 
挤占,occupy
步骤,step
阈值,threshold
逻辑,logic
兜底,reveal all the details
启用,enable
成验收,acceptance
默认,default
随机,random
汇总/摘要,summary
实际,actual
核心,core
反馈,feedback
产出,output
备注,remark
治理,governance
策略,strategy
具体,specific
支付,payment
交付,delivery
刷新,refresh
供应商,supplier
模板,template
明细,details
质量,quality
数量,quantity
市场营销,marketing
订阅,subscription
优势- advantage
层级,hierarchy
常驻,permanent
踩坑地,pitfalls
弹幕,video commentary subtitle 
显著性,significance
设备,equipment
逐天,day by day
级别,level
回放,playback
进度,schedule
专攻,specialise
诊断,diagnosis
间隔,interval
频率,frequency
例行,routine
远端,remote
赘,redundant
下钻,drill down
制衡,checks and balances
靠谱,reliable 
重合度,coincidence degree
片面,one sided
门槛,threshold
备注,remark
优惠券,coupon
审核,audit
驱逐,explusion
进阶,advanced 
下旬,last third of the month
附录,appendix
加载,continuous load
系列,series
前缀,prefix 
索引,index
瓶颈,bottleneck
名贬损者,NPS detractors

繁琐,cumbersome
便捷,convenient
活跃,active
典型,typical